Site,ERA5,PRIMAVERA
Mauna Kea,0.5102161601905938,0.15944923608004247
Paranal,0.9752661794070714,0.4856410484973216
La Silla,0.6188739595025252,0.4129177020333418
Cerro Tololo,,
La Palma,,
Siding Spring,,
Sutherland,,
SPM,,
